{"sections":{"hero":{"type":"alcamine-collection-hero","settings":{"subtitle":"Clinical formulations designed for real physiological results.","show_image":false}},"grid":{"type":"alcamine-collection-grid","settings":{"products_per_page":24}},"why":{"type":"alcamine-collection-why","settings":{"title":"Why this collection works","subtitle":"Clean, scientific formulations designed to support measurable physiological improvements."}},"alcamine_compare_interactive_kddYPr":{"type":"alcamine-compare-interactive","name":"Compare interactive","settings":{"heading":"Compare formulas","subheading":"Pick products and compare who it’s for, what it does, ingredients, and our take.","button_label":"Compare","modal_title":"Select products to compare","source_collection":"{{ collection }}","max_pool":100,"max_compare":4,"ingredients_limit":12}}},"order":["hero","grid","why","alcamine_compare_interactive_kddYPr"]}